<PAMDataset>
  <Metadata domain="xml:ESRI" format="xml">
    <GeodataXform xsi:type="typens:IdentityXform" 
      xmlns:xsi="http://www.w3.org/2001/XMLSchema-instance" 
      xmlns:xs="http://www.w3.org/2001/XMLSchema" 
      xmlns:typens="http://www.esri.com/schemas/ArcGIS/9.2">
      <SpatialReference xsi:type="typens:ProjectedCoordinateSystem">
        <WKT>PROJCS["OSGB 1936 / British National Grid",GEOGCS["OSGB 1936",DATUM["OSGB_1936",SPHEROID["Airy 1830",6377563.396,299.3249646,AUTHORITY["EPSG","7001"]],AUTHORITY["EPSG","6277"]],PRIMEM["Greenwich",0,AUTHORITY["EPSG","8901"]],UNIT["degree",0.0174532925199433,AUTHORITY["EPSG","9122"]],AUTHORITY["EPSG","4277"]],PROJECTION["Transverse_Mercator"],PARAMETER["latitude_of_origin",49],PARAMETER["central_meridian",-2],PARAMETER["scale_factor",0.9996012717],PARAMETER["false_easting",400000],PARAMETER["false_northing",-100000],UNIT["metre",1,AUTHORITY["EPSG","9001"]],AXIS["Easting",EAST],AXIS["Northing",NORTH],AUTHORITY["EPSG","27700"]]</WKT>
      </SpatialReference>
    </GeodataXform>
  </Metadata>
</PAMDataset>