<?xml version="1.0" encoding="UTF-8"?>
<metadata xml:lang="en"><Esri><CreaDate>20180603</CreaDate><CreaTime>09062700</CreaTime><ArcGISFormat>1.0</ArcGISFormat><SyncOnce>TRUE</SyncOnce><DataProperties><itemProps><itemLocation><linkage Sync="TRUE">file://\\172.21.1.127\gis\GIS\Data\Air Photography\Lidar\HYDROLOGY\Derived from Scotland Phase II\NR93SW-Hydrology\NR93SW_Holes</linkage><protocol Sync="TRUE">Local Area Network</protocol></itemLocation></itemProps><copyHistory><copy source="T:\GIS\Data\Air Photography\Lidar\HYDROLOGY\Hydrology_TESTS\GeneralisedOut\NR93SW_Holes" dest="\\172.21.1.127\gis\GIS\Data\Air Photography\Lidar\HYDROLOGY\Derived from Scotland Phase II\NR93SW-Hydrology\NR93SW_Holes" date="20180603" time="09062700"></copy></copyHistory></DataProperties></Esri></metadata>
